<?xml version="1.0" encoding="utf-8"?>
<config>
    <acl>
        <resources>
            <all>
                <title>Allow Everything</title>
            </all>
            <admin>
                <children>
                    <system>
                        <children>
                            <config>
                                <children>
                                    <seositemap translate="title" module="seositemap">
                                        <title>Mirasvit SeoSitemap</title>
                                    </seositemap>
                                </children>
                            </config>
                        </children>
                    </system>
                </children>
            </admin>
        </resources>
    </acl>
</config>