<?xml version="1.0" encoding="UTF-8"?>
<config>
    <sections>
        <seoautolink translate="label" module="seoautolink">
            <label>Auto Links</label>
            <tab>mstcore</tab>
            <frontend_type>text</frontend_type>
            <sort_order>410</sort_order>
            <show_in_default>1</show_in_default>
            <show_in_website>1</show_in_website>
            <show_in_store>1</show_in_store>
            <groups>
                <autolink translate="label" module="seoautolink">
                    <label>Auto Link</label>
                    <frontend_type>text</frontend_type>
                    <sort_order>1000</sort_order>
                    <show_in_default>1</show_in_default>
                    <show_in_website>1</show_in_website>
                    <show_in_store>1</show_in_store>
                    <frontend_model>mstcore/system_config_form_fieldset</frontend_model>
                    <fields>
                        <target translate="label">
                            <label>Add links on:</label>
                            <frontend_type>multiselect</frontend_type>
                            <source_model>seoautolink/config_source_target</source_model>
                            <sort_order>10</sort_order>
                            <show_in_default>1</show_in_default>
                            <show_in_website>1</show_in_website>
                            <show_in_store>1</show_in_store>
                        </target>
                        <excluded_tags translate="label">
                            <label>Don't add links inside tags:</label>
                            <frontend_type>textarea</frontend_type>
                            <sort_order>20</sort_order>
                            <show_in_default>1</show_in_default>
                            <show_in_website>1</show_in_website>
                            <show_in_store>1</show_in_store>
                        </excluded_tags>
                        <skip_links_for_page translate="label">
                            <label>Skip auto links for a page:</label>
                            <frontend_type>textarea</frontend_type>
                            <sort_order>30</sort_order>
                            <show_in_default>1</show_in_default>
                            <show_in_website>1</show_in_website>
                            <show_in_store>1</show_in_store>
                        </skip_links_for_page>
                        <is_enable_links_for_blog translate="label">
                            <label>Enable auto links for AW Blog:</label>
                            <frontend_type>select</frontend_type>
                            <source_model>adminhtml/system_config_source_yesno</source_model>
                            <sort_order>40</sort_order>
                            <show_in_default>1</show_in_default>
                            <show_in_website>1</show_in_website>
                            <show_in_store>1</show_in_store>
                        </is_enable_links_for_blog>
                        <links_limit_per_page translate="label">
                            <label>Links limit per page </label>
                            <frontend_type>text</frontend_type>
                            <sort_order>50</sort_order>
                            <show_in_default>1</show_in_default>
                            <show_in_website>1</show_in_website>
                            <show_in_store>1</show_in_store>
                        </links_limit_per_page>
                    </fields>
                </autolink>
            </groups>
       </seoautolink>
    </sections>
</config>