<?xml version="1.0"?>
<!--
/**
 * Magento
 *
 * NOTICE OF LICENSE
 *
 * This source file is subject to the Academic Free License (AFL 3.0)
 * that is bundled with this package in the file LICENSE_AFL.txt.
 * It is also available through the world-wide-web at this URL:
 * http://opensource.org/licenses/afl-3.0.php
 * If you did not receive a copy of the license and are unable to
 * obtain it through the world-wide-web, please send an email
 * to license@magentocommerce.com so we can send you a copy immediately.
 *
 * DISCLAIMER
 *
 * Do not edit or add to this file if you wish to upgrade Magento to newer
 * versions in the future. If you wish to customize Magento for your
 * needs please refer to http://www.magentocommerce.com for more information.
 *
 * @category   Mage
 * @package    Mage_Core
 * @copyright  Copyright (c) 2008 Irubin Consulting Inc. DBA Varien (http://www.varien.com)
 * @license    http://opensource.org/licenses/afl-3.0.php  Academic Free License (AFL 3.0)
 */
-->
<config>
    <global>
        <install>
            <date><![CDATA[Tue, 23 Jun 2015 09:34:21 -0500]]></date>
        </install>
        <crypt>
            <key><![CDATA[r03lackg9s9pqnomyvea4javznxndogl]]></key>
        </crypt>
        <disable_local_modules>false</disable_local_modules>
        <resources>
            <db>
                <table_prefix><![CDATA[gjd_]]></table_prefix>
            </db>
            <default_setup>
                <connection>
                    <host><![CDATA[localhost]]></host>
                    <username><![CDATA[timefor2_mage819]]></username>
                    <password><![CDATA[6Pz6eST5!]]]></password>
                    <dbname><![CDATA[timefor2_mage819]]></dbname>
                    <initStatements><![CDATA[SET NAMES utf8]]></initStatements>
                    <model><![CDATA[mysql4]]></model>
                    <type><![CDATA[pdo_mysql]]></type>
                    <pdoType><![CDATA[]]></pdoType>
                    <active>1</active>
                </connection>
            </default_setup>
        </resources>
        <session_save><![CDATA[file]]></session_save>
		<cache>
<backend>
memcached</backend>
<!-- apc / memcached / empty=file -->
<memcached>
<!-- memcached cache backend related config -->
<servers>
<!-- any number of server nodes can be included -->
<server>
<host>
<![CDATA[127.0.0.1]]>
</host>
<port>
<![CDATA[20083]]>
</port>
<persistent>
<![CDATA[1]]>
</persistent>
</server>
</servers>
<compression>
<![CDATA[0]]>
</compression>
<cache_dir>
<![CDATA[]]>
</cache_dir>
<hashed_directory_level>
<![CDATA[]]>
</hashed_directory_level>
<hashed_directory_umask>
<![CDATA[]]>
</hashed_directory_umask>
<file_name_prefix>
<![CDATA[]]>
</file_name_prefix>
</memcached>
</cache>
    </global>
    <admin>
        <routers>
            <adminhtml>
                <args>
                    <frontName><![CDATA[ss5309]]></frontName>
                </args>
            </adminhtml>
        </routers>
    </admin>
</config>
